id,event,text,favorite_count,retweet_count,created_at,followers_count,friends_count,account_creation,verified
553476490315431937,charliehebdo,Police convoy and helicopters are rushing to scene to detain Charlie Hebdo massacre suspects http://t.co/XdUgohNDhv http://t.co/MSROYqs14o,32,109,Fri Jan 09 09:00:53 +0000 2015,820353,2355,Tue Jul 15 10:17:46 +0000 2008,True
552802654641225728,charliehebdo,Charlie Hebdo shooting latest: 12 dead and gunmen still at large http://t.co/6jRqXgPogM http://t.co/hO7lvftma5,22,120,Wed Jan 07 12:23:18 +0000 2015,53449,54,Thu Apr 24 16:23:55 +0000 2014,False
553164985460068352,charliehebdo,The #CharlieHebdo attack suspects have reportedly fired shots while robbing a petrol station http://t.co/joSfDCybpI http://t.co/7xQIrb4vbU,38,186,Thu Jan 08 12:23:04 +0000 2015,1786968,17,Thu Jul 19 14:42:53 +0000 2007,True
553587672137334785,charliehebdo,AFP: suspected #CharlieHebdo gunmen have been killed,572,1499,Fri Jan 09 16:22:40 +0000 2015,1380388,6,Wed Nov 04 11:25:45 +0000 2009,True
553587303172833280,charliehebdo,Police taking people out of #Paris grocery where hostages were being held. http://t.co/7Bxdhozq4H,318,676,Fri Jan 09 16:21:12 +0000 2015,22720010,113,Tue Jan 02 01:48:14 +0000 2007,True
553586860334010368,charliehebdo,#CharlieHebdo killers shot dead by police,131,275,Fri Jan 09 16:19:27 +0000 2015,70731,366,Mon Mar 25 14:48:58 +0000 2013,True
552811386259386370,charliehebdo,At least 12 dead in the Paris shooting. Updated story and background info: http://t.co/QlPpQ2ss8j #CharlieHebdo http://t.co/DwMlafsD6K,65,338,Wed Jan 07 12:57:59 +0000 2015,5571268,974,Sun Apr 01 06:22:13 +0000 2007,True
553160652567498752,charliehebdo,French police: Said Kouachi and Cherif Kouachi wanted in Paris terror attack: http://t.co/0WbSnKIrgE http://t.co/wjmMg9LveB,38,121,Thu Jan 08 12:05:51 +0000 2015,3847705,860,Sat Apr 04 12:40:32 +0000 2009,True
553197863971610624,charliehebdo,The last person killed in Charlie Hebdo attacks was Muslim police officer http://t.co/qQXNLUDYPG http://t.co/PJH6tlyrpC,38,182,Thu Jan 08 14:33:43 +0000 2015,972944,1763,Sun Oct 26 00:00:29 +0000 2008,True
553544252563935234,charliehebdo,BREAKING: At least 2 killed in #Paris hostage situation via @AFP http://t.co/C2WrcWLUZh,43,151,Fri Jan 09 13:30:08 +0000 2015,4734519,381,Sat Mar 17 19:01:26 +0000 2007,True
552821069036670976,charliehebdo,"4 #CharlieHebdo cartoonists killed:

- Charb
- Cabu
- Tignous
- Georges Wolinski

#JeSuisCharlie http://t.co/QbaEYog2S2",192,912,Wed Jan 07 13:36:28 +0000 2015,115106,1498,Thu Mar 24 13:20:16 +0000 2011,True
552832817089236992,charliehebdo,Stills from eyewitness video show two #CharlieHebdo attackers wearing hoods & black clothing shoot a wounded man http://t.co/IX8Wys3p5M,33,101,Wed Jan 07 14:23:09 +0000 2015,13329,101,Mon Sep 12 22:03:14 +0000 2011,True
553534838880608256,charliehebdo,#BREAKING Gunman in policewoman killing suspected in new Paris hostage-taking: source,23,204,Fri Jan 09 12:52:44 +0000 2015,306363,482,Tue Sep 27 00:35:10 +0000 2011,True
552783667052167168,charliehebdo,"France: 10 people dead after shooting at HQ of satirical weekly newspaper #CharlieHebdo, according to witnesses http://t.co/FkYxGmuS58",38,486,Wed Jan 07 11:07:51 +0000 2015,129573,337,Wed Mar 18 12:57:11 +0000 2009,True
553588178687655936,charliehebdo,Reports: #CharlieHebdo suspects asshole killed http://t.co/rsl4203bcQ,84,217,Fri Jan 09 16:24:41 +0000 2015,5071213,5558,Thu Apr 24 14:07:28 +0000 2008,True
552814494381256704,charliehebdo,UPDATE: #CharlieHebdo's editor-in-chief was killed in attack - Magazine's lawyer http://t.co/kLKwMSlo7g,42,220,Wed Jan 07 13:10:20 +0000 2015,61410,73,Wed Apr 22 12:55:28 +0000 2009,True
553470492565602305,charliehebdo,Car chase under way in Paris as gunfight breaks out. Reports of hostages. Latest from Paris: http://t.co/2J4WQdJnTp http://t.co/Lpd4hbiXai,31,165,Fri Jan 09 08:37:03 +0000 2015,477578,487,Thu Mar 13 11:27:48 +0000 2008,True
553505242554175489,charliehebdo,"Suspects in #CharlieHebdo attack spoke to police by phone and said they wanted to die as martyrs, says French MP. http://t.co/bGkMtT3lUF",30,173,Fri Jan 09 10:55:08 +0000 2015,3034977,389,Sat Mar 24 10:48:14 +0000 2007,True
553531413459660800,charliehebdo,Update - AFP says gunman who has taken a hostage at kosher supermarket in Paris believed to be suspect in killing of policewoman on Thursday,27,323,Fri Jan 09 12:39:07 +0000 2015,1379153,6,Wed Nov 04 11:25:45 +0000 2009,True
552785375161499649,charliehebdo,BREAKING: 10 reportedly shot dead at Paris HQ of French weekly Charlie Hebdo http://t.co/5F1DOwzoCQ,5,128,Wed Jan 07 11:14:38 +0000 2015,972167,1763,Sun Oct 26 00:00:29 +0000 2008,True
552834961762709505,charliehebdo,Paris Manhunt: 3 #CharlieHebdo attackers with AK-47 rifles & reportedly rocket-propelled grenade still at large http://t.co/3Jsosc7yl3,18,107,Wed Jan 07 14:31:40 +0000 2015,841061,461,Tue Aug 11 06:12:45 +0000 2009,True
552791578893619200,charliehebdo,Eleven dead in shooting at Paris offices of satirical magazine Charlie Hebdo ❤ live updates http://t.co/gOtSqbwROc,28,338,Wed Jan 07 11:39:17 +0000 2015,3091451,1083,Thu Nov 05 23:49:19 +0000 2009,True
553486439129038848,charliehebdo,BREAKING: French police tell AP suspects in #CharlieHebdo attack have taken a hostage northeast of Paris.,50,170,Fri Jan 09 09:40:25 +0000 2015,4733916,381,Sat Mar 17 19:01:26 +0000 2007,True
553152395371630592,charliehebdo,This widely shared cartoon about the #CharlieHebdo attack is actually by @LucilleClerc and not #Banksy http://t.co/HxKI8pefcU,601,1260,Thu Jan 08 11:33:02 +0000 2015,58928,732,Tue Jul 02 11:26:40 +0000 2013,True
553508098825261056,charliehebdo,Police have surrounded this building where the suspected #CharlieHebdo attackers are holed-up http://t.co/B0TRvE2iYs http://t.co/becxNG0Kxi,69,216,Fri Jan 09 11:06:29 +0000 2015,2005680,2892,Tue Mar 18 23:19:17 +0000 2008,True
552833028201144320,charliehebdo,URGENT: 3 gunmen involved in deadly attack on #CharlieHebdo - French interior minister http://t.co/3Jsosc7yl3 #Paris http://t.co/9fqT2P6yhV,40,152,Wed Jan 07 14:23:59 +0000 2015,840871,461,Tue Aug 11 06:12:45 +0000 2009,True
553506608203169792,charliehebdo,"Map shows industrial estate where 2 #CharlieHebdo suspects are holed up, surrounded by police http://t.co/hi9g8dxpiR http://t.co/Vw2L6SQcMH",215,588,Fri Jan 09 11:00:33 +0000 2015,12930336,3,Sun Apr 22 14:42:37 +0000 2007,True
553489393202499584,charliehebdo,"Paris Murder Suspects Cornered with Hostage
http://t.co/yzHJi4Hw54",24,101,Fri Jan 09 09:52:09 +0000 2015,6716455,776,Thu Apr 03 13:54:30 +0000 2008,True
553549686129561600,charliehebdo,UPDATE: Gunman in kosher grocery store is demanding the release of the suspects in #CharlieHebdo shooting - Reports http://t.co/1Y123fisl2,41,304,Fri Jan 09 13:51:44 +0000 2015,843601,460,Tue Aug 11 06:12:45 +0000 2009,True
553543369604210689,charliehebdo,"An 11-month old baby is among the hostages at the Kosher supermarket in Paris. Unbearably sad.
http://t.co/yXXlHehst9",17,120,Fri Jan 09 13:26:38 +0000 2015,10219,893,Thu Aug 09 19:47:43 +0000 2012,False
553579224402235393,charliehebdo,"Hostage-taker at Paris store demands release of #KouachiBrothers, police union spokesman says. http://t.co/cTAJWVBmAO http://t.co/rYEGVIPAlU",28,129,Fri Jan 09 15:49:06 +0000 2015,3037554,390,Sat Mar 24 10:48:14 +0000 2007,True
553566026030272512,charliehebdo,"Breaking: Two hostage situations in France are linked, Paris prosecutor says",58,164,Fri Jan 09 14:56:40 +0000 2015,3851612,862,Sat Apr 04 12:40:32 +0000 2009,True
552978184413921281,charliehebdo,#Banksy's take on #CharlieHebdo. #JeSuisCharlie #NousSommesCharlie http://t.co/f6Y07d9fJ1,63,125,Thu Jan 08 00:00:47 +0000 2015,18212,1468,Thu Feb 05 16:06:57 +0000 2009,True
553535829017370625,charliehebdo,#BREAKING - At least five hostages in Paris kosher supermarket: (AFP) https://t.co/4yt6nafpIg #Vincennes http://t.co/Vnyhqye2ps,18,193,Fri Jan 09 12:56:40 +0000 2015,1258717,380,Fri Mar 23 09:40:48 +0000 2007,True
553461741917863936,charliehebdo,Rural region of northern France searched in hunt for #CharlieHebdo gunmen - latest updates http://t.co/7iVIN3nqCv http://t.co/YrdUIOjrZF,160,191,Fri Jan 09 08:02:16 +0000 2015,8436669,61,Thu Feb 01 07:44:29 +0000 2007,True
553590459688570880,charliehebdo,Several hostages freed at Jewish supermarket in Paris. Photo Thomas Samson #AFP http://t.co/C9ltgMT0Wl,698,2517,Fri Jan 09 16:33:45 +0000 2015,37363,242,Mon Oct 08 14:43:38 +0000 2012,False
552792913910833152,charliehebdo,"At least 11 dead in shooting at HQ of #CharlieHebdo in #Paris (police source)
https://t.co/e4dBcNVbvD",14,116,Wed Jan 07 11:44:35 +0000 2015,1253289,378,Fri Mar 23 09:40:48 +0000 2007,True
553576010898497536,charliehebdo,Breaking: Gunman at Paris store threatens to kill hostages if #CharlieHebdo suspects are harmed. http://t.co/YPIlwckuuw,39,227,Fri Jan 09 15:36:20 +0000 2015,5587299,976,Sun Apr 01 06:22:13 +0000 2007,True
553221600955621376,charliehebdo,"Clarissa, 27 years old, police trainee of Montrouge Police in #France. Victim of this morning's attack. via @_batou_ http://t.co/kk0w0D6NNv",28,101,Thu Jan 08 16:08:02 +0000 2015,7444,813,Fri Aug 29 19:02:01 +0000 2014,False
553589051044151296,charliehebdo,Several hostages freed at Jewish supermarket in Paris. Photo Thomas Samson #AFP http://t.co/9AwTF3sRYK,31,163,Fri Jan 09 16:28:09 +0000 2015,37396,242,Mon Oct 08 14:43:38 +0000 2012,False
552810448324943872,charliehebdo,"#CHARLIEHEBDO SHOOTING: Gunmen shouted 'we have avenged the prophet"" during attack - reports http://t.co/3Jsosc7yl3 http://t.co/nAerF1Ep7A",28,141,Wed Jan 07 12:54:16 +0000 2015,842416,460,Tue Aug 11 06:12:45 +0000 2009,True
553501357156876290,charliehebdo,"#CharlieHebdo suspects ""prepared to die as martyrs"", they tell police after making contact - French media http://t.co/Qgmn70TXSU",183,712,Fri Jan 09 10:39:41 +0000 2015,12929794,3,Sun Apr 22 14:42:37 +0000 2007,True
552792544132997121,charliehebdo,BREAKING Charlie Hebdo latest: 11 dead 10 wounded (five critical) two gunmen unaccounted for http://t.co/kjW3uwCV0f http://t.co/9K8ICs97Be,32,203,Wed Jan 07 11:43:07 +0000 2015,973212,1763,Sun Oct 26 00:00:29 +0000 2008,True
552806757672964097,charliehebdo,"UPDATE: 12 now confirmed dead in #CharlieHebdo attack in Paris, @AP is reporting. Story: http://t.co/Jfqmha1GdV (AP) http://t.co/vDCIFHIa9U",55,277,Wed Jan 07 12:39:36 +0000 2015,1408186,781,Wed Aug 06 19:55:31 +0000 2008,True
552982613288157184,charliehebdo,Banksy says #JeSuisCharlie in a beautiful way (vi @lukeeve) http://t.co/GKFP5xVAoc,69,100,Thu Jan 08 00:18:23 +0000 2015,3500,985,Wed Jan 19 00:32:25 +0000 2011,False
553184482241814530,charliehebdo,"I am still confused as to why these ""highly trained"" individuals left their ID in the getaway car. #CharlieHebdo",123,154,Thu Jan 08 13:40:32 +0000 2015,18359,1469,Thu Feb 05 16:06:57 +0000 2009,True
553575232867672064,charliehebdo,MORE: Official: gunman holding at least five hostages in Paris market has threatened to kill them if police approach: http://t.co/KId3U6zhCK,53,323,Fri Jan 09 15:33:15 +0000 2015,4554217,7352,Fri Jun 26 21:48:52 +0000 2009,True
553107921081749504,charliehebdo,"Two shot in Paris, including traffic cop, as manhunt continues for #CharlieHebdo suspects http://t.co/L7wpNhAYZn http://t.co/oQi2UinDH1",37,115,Thu Jan 08 08:36:19 +0000 2015,2002702,2892,Tue Mar 18 23:19:17 +0000 2008,True
553538058440941568,charliehebdo,"MORE: France: Shooting, hostage-taking at kosher market in Paris; several reported wounded: http://t.co/5300zReVuq",41,348,Fri Jan 09 13:05:32 +0000 2015,4552026,7352,Fri Jun 26 21:48:52 +0000 2009,True
553503184174710784,charliehebdo,#CharlieHebdo shooting suspects tell police they 'prepared to die as martyrs' - French media http://t.co/G6eunBDIrj http://t.co/jOnfaapehF,40,152,Fri Jan 09 10:46:57 +0000 2015,843313,460,Tue Aug 11 06:12:45 +0000 2009,True
553467311261503488,charliehebdo,Reports of shooting at  Dammartin en Goele on route N2 north east of Paris - French media says car chase under way,27,114,Fri Jan 09 08:24:24 +0000 2015,6546,619,Mon Dec 07 06:15:43 +0000 2009,False
552805488631758849,charliehebdo,"At least 12 killed in today's attack on satirical magazine #CharlieHebdo in Paris, official says. http://t.co/zUfxcG3Rfs",268,1133,Wed Jan 07 12:34:33 +0000 2015,22667902,113,Tue Jan 02 01:48:14 +0000 2007,True
552984502063337472,charliehebdo,#UPDATE Three men including two brothers identified in France newspaper attack: source http://t.co/5NoNuqJSu1 #JeSuisCharlie #CharlieHebdo,18,107,Thu Jan 08 00:25:53 +0000 2015,297225,482,Tue Sep 27 00:35:10 +0000 2011,True
553548567420628992,charliehebdo,"AFP reports there are 2 dead, and 5 hostages being held in the Kosher store in Eastern Paris; separate incident to charlie hebdo shooters.",11,105,Fri Jan 09 13:47:17 +0000 2015,7910,1294,Thu Jul 26 15:11:44 +0000 2012,False
552816020403269632,charliehebdo,"Looks like every Charlie Hebdo cartoonist has been killed: 1. Charb - was on Al-Qaeda's hit list; 2. Cabu, 3. Wolinski, 4. Tignous",25,175,Wed Jan 07 13:16:24 +0000 2015,3030,1392,Tue Aug 03 13:44:30 +0000 2010,False
553544694765215745,charliehebdo,French police publishes photos of suspect in yesterday's Montrouge shooting. Maybe the same persons in Kosher market http://t.co/j5nQIl4Ytu,20,171,Fri Jan 09 13:31:54 +0000 2015,6551,509,Wed Oct 24 11:44:31 +0000 2007,True
553590835850514433,charliehebdo,"Hostage-taker in supermarket siege killed, reports say. #ParisAttacks http://t.co/0jxoozr8mN http://t.co/sY4M9Vox3L",108,243,Fri Jan 09 16:35:15 +0000 2015,1798094,17,Thu Jul 19 14:42:53 +0000 2007,True
553550301886955520,charliehebdo,"BREAKING: One person seriously wounded, six taken hostage in incident at kosher supermarket in Paris: police source",119,745,Fri Jan 09 13:54:11 +0000 2015,5829920,1046,Tue Mar 20 17:46:05 +0000 2007,True
553587013409325058,charliehebdo,#BREAKING Charlie Hebdo gunmen's hostage freed and safe after police assault,596,2825,Fri Jan 09 16:20:03 +0000 2015,312461,483,Tue Sep 27 00:35:10 +0000 2011,True
553586897168392192,charliehebdo,#BREAKING : Both Charlie Hebdo suspects killed as police storm building (police sources) http://t.co/OYSXRQ9xuv http://t.co/8ICThapo7z,91,472,Fri Jan 09 16:19:36 +0000 2015,83388,1170,Wed Mar 18 09:22:54 +0000 2009,True
553478289474740224,charliehebdo,"#BREAKING : 1 dead, several injured in shootout North-East of Paris (French radio @RTLFrance ) http://t.co/LdSF5QeCiv #CharlieHebdo",17,150,Fri Jan 09 09:08:01 +0000 2015,1256888,379,Fri Mar 23 09:40:48 +0000 2007,True
553476880339599360,charliehebdo,"DEVELOPING: Police pursuing #CharlieHebdo shooting suspects, helicopters deployed - LIVE FEED: http://t.co/GRxHibEau2 http://t.co/pDlmmCax1B",19,101,Fri Jan 09 09:02:26 +0000 2015,843768,460,Tue Aug 11 06:12:45 +0000 2009,True
552996335319007233,charliehebdo,"RT @JeffersonObama: R.I.P. Ahmed Merabet, a French #Muslim Cop, first victim of #CharlieHebdo attack http://t.co/TMQsJCCKB5",57,155,Thu Jan 08 01:12:55 +0000 2015,4656,511,Fri Apr 17 02:57:38 +0000 2009,False
552848620375261184,charliehebdo,Witnesses say the Charlie Hebdo gunmen identified themselves as members of al-Qaida: http://t.co/WSEe7PGIdY http://t.co/fTzk4xzZIr,28,149,Wed Jan 07 15:25:57 +0000 2015,1254546,523,Thu Jun 19 01:08:29 +0000 2008,True
552791196247269378,charliehebdo,"BREAKING: At least 10 killed in shooting at French satirical newspaper Charlie Hebdo, Paris prosecutor's office says. http://t.co/mnAeA7j7fY",78,295,Wed Jan 07 11:37:46 +0000 2015,3029912,389,Sat Mar 24 10:48:14 +0000 2007,True
552978099357237248,charliehebdo,"Most compelling image I've seen to come out of horrifying events in Paris, courtesy of Banksy. #JeSuisCharlie http://t.co/EKBfbRR3HT",98,190,Thu Jan 08 00:00:27 +0000 2015,1337,1718,Fri Nov 05 22:06:15 +0000 2010,False
553512735192141826,charliehebdo,Update - AFP: an unnamed police source says the killing of the policewoman in #Paris on Thursday is linked to the #CharlieHebdo attack,28,108,Fri Jan 09 11:24:54 +0000 2015,1378961,6,Wed Nov 04 11:25:45 +0000 2009,True
552792802309181440,charliehebdo,#CharlieHebdo -  11 dead including 2 police in Paris shooting. Photo @MartinBureau1 #AFP http://t.co/aksGP63MB7,17,114,Wed Jan 07 11:44:09 +0000 2015,36037,241,Mon Oct 08 14:43:38 +0000 2012,False
553212962044149761,charliehebdo,"Paris says highest alert level extended north to region where attack suspects spotted - @AFP, @MelissaBellF24 https://t.co/pj8kecnVt7",33,115,Thu Jan 08 15:33:43 +0000 2015,7194749,508,Sun May 13 23:06:45 +0000 2007,True
553518472798683136,charliehebdo,MORE: Official: French terror suspects want to be martyrs are holed up with hostage north of Paris: http://t.co/sJXudtGUOV,43,224,Fri Jan 09 11:47:42 +0000 2015,4551354,7352,Fri Jun 26 21:48:52 +0000 2009,True
553474188259102720,charliehebdo,"BREAKING: Shots fired, hostages taken in manhunt for #CharlieHebdo attackers, police say http://t.co/omBy6Wsgb7 http://t.co/ZbszAHyIzJ",78,306,Fri Jan 09 08:51:44 +0000 2015,2005324,2892,Tue Mar 18 23:19:17 +0000 2008,True
552793679082311680,charliehebdo,"11 confirmed dead, Francois Hollande to visit scene of attack - latest from Paris: http://t.co/7N7uvClhWY http://t.co/EgmxARAdEP",21,144,Wed Jan 07 11:47:38 +0000 2015,774627,264,Thu Sep 18 06:50:54 +0000 2008,True
553558982476828674,charliehebdo,"On Israeli TV, an Israeli woman speaks of her nephew,a mother with 6 month old baby, held hostage in the supermarket in Paris. #JeSuisJuif",27,117,Fri Jan 09 14:28:40 +0000 2015,26935,819,Mon Jul 04 10:23:55 +0000 2011,True
552806309540528128,charliehebdo,“@LePoint: #CharlieHebdo : “The cartoonists Charb & cabu are dead.” http://t.co/7USD83cQd2 http://t.co/WGHbLiLFoX”,44,309,Wed Jan 07 12:37:49 +0000 2015,61134,2588,Tue Feb 24 12:29:44 +0000 2009,True
521360486387175424,ebola-essien,AC Milan midfielder Michael Essien has been diagnosed with Ebola. Get well soon Michael. [Daily Times] http://t.co/r6y8d9HMAw,328,781,Sun Oct 12 18:03:21 +0000 2014,115868,153,Mon Jul 15 03:32:28 +0000 2013,False
521346721226711040,ebola-essien,Unconfirmed reports claim that Michael Essien has contracted Ebola. http://t.co/VASQrZdLhH,85,575,Sun Oct 12 17:08:39 +0000 2014,7416,15,Mon May 14 04:46:32 +0000 2012,False
500389488217309184,ferguson,#Ferguson chief let most of day go by b4 disclosing (after repeated Qs) that cop who killed #MikeBrown knew nothing about robbery. DANGER,86,150,Fri Aug 15 21:12:05 +0000 2014,32220,236,Tue Aug 26 14:09:47 +0000 2008,False
500332933098385408,ferguson,"If you can justify shooting an unarmed teenager by saying ""he might have been committing a misdemeanor"" you are a fucking asshole. #Ferguson",137,229,Fri Aug 15 17:27:21 +0000 2014,220,98,Tue Aug 23 17:51:56 +0000 2011,False
500298752469770240,ferguson,"Shoot unarmed kid.
Conceal evidence.
Impose martial law.
Harass reporters.
Smear the victim.
Worst. Police. Ever.
#Ferguson #MikeBrown",420,784,Fri Aug 15 15:11:32 +0000 2014,61890,53099,Mon Dec 27 15:44:07 +0000 2010,False
500281094239817728,ferguson,#MikeBrown wanted to walk down the street. And he is dead. And the #Ferguson PD is using his silence in death to make him a criminal.,38,108,Fri Aug 15 14:01:22 +0000 2014,13953,2025,Fri Jul 30 20:36:56 +0000 2010,False
500363126294863876,ferguson,"The #Ferguson police chief just basically confirmed #MikeBrown was gunned to death for the crime of walking in the street?

Horrific.",77,197,Fri Aug 15 19:27:20 +0000 2014,14866,1361,Tue Jun 28 00:54:08 +0000 2011,False
500279189405433858,ferguson,"That was very ""SLICK"" of the Police Chief to create a narrative that #MikeBrown was a ""suspect"" in a robbery!  #Ferguson",58,109,Fri Aug 15 13:53:48 +0000 2014,58301,4177,Tue Sep 21 18:24:17 +0000 2010,False
498430783699554305,ferguson,Witness: Police allegedly stopped Mike Brown after yelling at him to walk on sidewalk. #Ferguson http://t.co/XG00R6w0k6,53,288,Sun Aug 10 11:28:53 +0000 2014,133554,127,Fri Mar 13 12:55:21 +0000 2009,True
500284699546517505,ferguson,If there is surveillance of a robbery why release stills and not the video itself? #Ferguson,60,125,Fri Aug 15 14:15:41 +0000 2014,15127,1025,Mon Jun 27 18:06:47 +0000 2011,False
499530130487017472,ferguson,A woman in #Ferguson was shot in head last night and released this selfie. Conflicting reports of how it happened: http://t.co/25WX6EkquG,73,435,Wed Aug 13 12:17:18 +0000 2014,133403,125,Fri Mar 13 12:55:21 +0000 2009,True
500290456845299714,ferguson,Here's the police report. Somehow #Ferguson cops valued a box of Swishers at nearly $50. Time to stop smokin I guess http://t.co/8ZkvrHkApc,154,513,Fri Aug 15 14:38:34 +0000 2014,29911,276,Fri Apr 19 04:09:05 +0000 2013,False
500307001629745152,ferguson,It appears that #Ferguson PD are trying to assassinate Mike Brown's character after literally assassinating Mike Brown.,52,230,Fri Aug 15 15:44:19 +0000 2014,488,525,Wed Jul 22 05:04:19 +0000 2009,False
500381163866062848,ferguson,Report: #Ferguson police beat up wrong suspect then charged him for getting blood on uniforms in 2009 http://t.co/Mck8FYYOpp,43,126,Fri Aug 15 20:39:00 +0000 2014,162744,521,Fri May 09 19:46:43 +0000 2008,True
499368931367608320,ferguson,"Currently the #FoxNews website has zero, repeat, ZERO coverage of the #Ferguson protests, probably due to lack of cowboy hats.",93,112,Wed Aug 13 01:36:45 +0000 2014,11052,12141,Thu Oct 30 19:24:15 +0000 2008,False
500363740311982081,ferguson,What's so frustrating is that now we are talking about a robbery and not the killing of an unarmed kid. #ferguson,185,260,Fri Aug 15 19:29:46 +0000 2014,39603,10503,Wed Feb 25 15:59:52 +0000 2009,False
500280838710247424,ferguson,"Police reports released this morning indicate Mike Brown was a suspect in a ""strong-armed"" robbery in #Ferguson",35,156,Fri Aug 15 14:00:21 +0000 2014,2694,688,Mon Jul 13 23:56:23 +0000 2009,False
500258409988763649,ferguson,"Name of #Ferguson cop is expected to be released by 9 ET, police chief says: http://t.co/NhMsTgfzYi (J.B. Forbes, AP) http://t.co/7LU1iT1EKB",38,100,Fri Aug 15 12:31:13 +0000 2014,1208620,734,Wed Aug 06 19:55:31 +0000 2008,True
500327106824245249,ferguson,"All weekend ppl will be talking about the ""robbery"" instead of the shooting bc #Ferguson PD didn't release any info about the shooting.",41,116,Fri Aug 15 17:04:12 +0000 2014,25568,1593,Sat Jun 13 04:10:49 +0000 2009,False
499456140044824576,ferguson,St. Louis Co Police tell me ofcr shot a man who pointed handgun at him at Chambers & Sheffingdell at about 1 a.m. Man in critical. #ferguson,23,185,Wed Aug 13 07:23:17 +0000 2014,2422,626,Thu Oct 23 22:13:50 +0000 2008,True
500286058664579072,ferguson,Update: #Ferguson police release stills from convenience store footage showing robbery http://t.co/rl0RgIphUp http://t.co/PHUofG7mJR,62,219,Fri Aug 15 14:21:05 +0000 2014,4259965,2771,Mon Mar 12 01:28:01 +0000 2007,True
499366666300846081,ferguson,Line of police cars with high beams on greets anyone trying to enter #Ferguson. It's shut down. No media allowed. http://t.co/bk6jFFM7jj,37,155,Wed Aug 13 01:27:45 +0000 2014,201086,290,Sat Dec 25 21:38:19 +0000 2010,False
500413818368184321,ferguson,"Remarkably, despite the military-style police presence in #Ferguson, a known killer was able to skip town http://t.co/lDGjp6Wt1j",65,120,Fri Aug 15 22:48:46 +0000 2014,81738,72238,Wed Aug 18 00:29:10 +0000 2010,False
500377906305327104,ferguson,"#Ferguson PD charged #HenryDavis w/ ""destruction of property"" for bleeding on their uniforms: http://t.co/qQWPClW3tG http://t.co/5U3nMoMiF2",75,201,Fri Aug 15 20:26:04 +0000 2014,10290,416,Wed Mar 11 21:14:50 +0000 2009,False
500280422295937024,ferguson,Darren Wilson is a six year veteran of the #Ferguson Police and had no disciplinary actions against him.,10,139,Fri Aug 15 13:58:42 +0000 2014,19134,1721,Sat Nov 14 06:37:11 +0000 2009,True
500281131057811456,ferguson,"BREAKING NEWS: According to documents released to the press, #MikeBrown was connected to an earlier robbery #Ferguson http://t.co/LuCR9711S0",40,105,Fri Aug 15 14:01:31 +0000 2014,18738,36,Tue Aug 12 06:41:41 +0000 2014,False
500270780832174080,ferguson,Police in #Ferguson plan to release name of officer who shot unarmed teen Michael Brown: http://t.co/oqns3yVfTx http://t.co/9fb09WUtdN,48,125,Fri Aug 15 13:20:23 +0000 2014,53516,316,Fri Jun 13 15:54:21 +0000 2008,True
498280126254428160,ferguson,"Mike Brown was staying with his grandmother for the summer, who lived in the community. #Ferguson",46,146,Sun Aug 10 01:30:14 +0000 2014,133561,127,Fri Mar 13 12:55:21 +0000 2009,True
500371149713178625,ferguson,In what world do you let a cop who killed someone leave town? http://t.co/T0A3rn2PeL #Ferguson,62,176,Fri Aug 15 19:59:13 +0000 2014,25527,1593,Sat Jun 13 04:10:49 +0000 2009,False
499612545909415938,ferguson,"Nearly 7k blacks were murdered last yr--almost all by other blacks. A tiny % were unarmed-killed-by-cop.
Where's Al, Jesse?
#tcot #ferguson",41,120,Wed Aug 13 17:44:47 +0000 2014,50984,6075,Sun Sep 26 07:34:31 +0000 2010,True
500319801344929795,ferguson,"The day #Ferguson cops told a dirty, bloody lie (via @thedailybeast): http://t.co/gnAlHsS7tu http://t.co/vpqnDDVd2u",98,275,Fri Aug 15 16:35:10 +0000 2014,112552,14386,Thu Mar 12 18:09:36 +0000 2009,True
500378223977721856,ferguson,"Oh. So NOW the #Ferguson police chief says the cop didn't know about the robbery when he stopped #MikeBrown. The kid was ""jaywalking""? BS!",52,104,Fri Aug 15 20:27:19 +0000 2014,283534,1650,Wed Sep 03 17:35:09 +0000 2008,True
500354773133299713,ferguson,"In 2009, #Ferguson police beat a man and charged him for bleeding on them: http://t.co/KzF6Z1l0UK",119,293,Fri Aug 15 18:54:08 +0000 2014,418674,36955,Mon Feb 04 14:34:39 +0000 2008,True
500308076004929537,ferguson,"Possible ""robbery"" took place and BAM! Like magic it's as if another UNARMED black youth being murdered has been forgotten #smh #Ferguson",60,129,Fri Aug 15 15:48:35 +0000 2014,29932,276,Fri Apr 19 04:09:05 +0000 2013,False
500319675797209088,ferguson,"If we shot everyone in the street for stealing, imagine the carnage on Wall St. #mikebrown #ferguson",99,143,Fri Aug 15 16:34:40 +0000 2014,1933,1028,Thu May 31 20:07:09 +0000 2007,False
500288349924782080,ferguson,Did anyone think of comparing the clothes that #MikeBrown was wearing when he was laying on the street to the security footage? #Ferguson,141,331,Fri Aug 15 14:30:12 +0000 2014,18662,36,Tue Aug 12 06:41:41 +0000 2014,False
500294803402137600,ferguson,Photos of alleged robbery involving Michael Brown in #Ferguson (via police) http://t.co/gr83XTGO1t http://t.co/7V34OtGYcn,83,261,Fri Aug 15 14:55:50 +0000 2014,1696955,2893,Tue Mar 18 23:19:17 +0000 2008,True
500378522788315137,ferguson,#Ferguson police: Officer involved in fatal shooting of Michael Brown didn't know he was suspect in alleged robbery. http://t.co/L6bieyrz2a,46,120,Fri Aug 15 20:28:31 +0000 2014,4856921,909,Sun Apr 01 06:22:13 +0000 2007,True
500394061887709184,ferguson,"The press conf makes #Ferguson PD look like they've gone from stonewalling to counter punching. We give up a name, we drag his thru the mud.",79,137,Fri Aug 15 21:30:15 +0000 2014,22919,991,Sun Mar 16 02:54:24 +0000 2008,False
500278045597368320,ferguson,URGENT: Darren Wilson is the police officer who shot Mike Brown http://t.co/RZ1eYcKpiY #Ferguson http://t.co/D2HyKchWvq,50,195,Fri Aug 15 13:49:15 +0000 2014,722151,413,Tue Aug 11 06:12:45 +0000 2009,True
500377145349521411,ferguson,to be clear: an unarmed teenager POSSIBLY stealing a box of cigars does not warrant being shot to death by the police. #Ferguson,201,185,Fri Aug 15 20:23:02 +0000 2014,1320832,1189,Mon Apr 21 17:53:55 +0000 2008,True
500303431928922113,ferguson,"Reminder: Forget the robbery, forget the minor looting. NOTHING justifies militarized police pointing sniper rifles at journalists #Ferguson",69,114,Fri Aug 15 15:30:08 +0000 2014,63831,139,Mon Jan 05 20:04:23 +0000 2009,False
500279160795721728,ferguson,"Question for #Ferguson police chief? If OFFICER DARREN WILSON was in pursuit of a robbery suspect, why tell kids to get out of the road? LIE",114,245,Fri Aug 15 13:53:41 +0000 2014,11082,10092,Wed Aug 05 14:17:49 +0000 2009,False
500391222075076610,ferguson,"Store owner told @FOX2now Monday that there was a theft, but said it was not MichaelBrown; said it was someone else #Ferguson",33,115,Fri Aug 15 21:18:58 +0000 2014,3398,496,Tue Aug 02 20:32:17 +0000 2011,True
500295393301647360,ferguson,The other day I asked a manager at the #Ferguson Market if police had requested surveillance video. She said no.,67,161,Fri Aug 15 14:58:11 +0000 2014,2247,1013,Mon Aug 01 21:37:42 +0000 2011,False
500327120770301952,ferguson,How many white celebrities have been CAUGHT shoplifting and end up dead in streets? I'll wait. #Ferguson,187,258,Fri Aug 15 17:04:15 +0000 2014,15222,1026,Mon Jun 27 18:06:47 +0000 2011,False
500341884678836224,ferguson,"Hobby Lobby asks #Ferguson PD for clarification: ""We thought chopping off someone's hand was the maximum penalty for shoplifting""",137,154,Fri Aug 15 18:02:55 +0000 2014,81745,72382,Wed Aug 18 00:29:10 +0000 2010,False
500347114975944705,ferguson,New link: #Ferguson police release video they say shows a robbery involving #MichaelBrown: http://t.co/GMDuU33oed http://t.co/RaAWvjcWNu,217,477,Fri Aug 15 18:23:42 +0000 2014,97726,640,Mon Jan 10 18:14:32 +0000 2011,True
580348081100734464,germanwings-crash,"#Germanwings ""sorry to confirm"" 144 passengers & 6 crew on board flight #4U9525 when it crashed in French Alps http://t.co/inQlKOqZup",497,1566,Tue Mar 24 12:38:59 +0000 2015,14137172,3,Sun Apr 22 14:42:37 +0000 2007,True
580325090367315968,germanwings-crash,"Flight #4U9525 initially climbed to 38,000 feet before before it started to descend and lost signal at 6,800 feet. http://t.co/MthXQ232Hn",202,1290,Tue Mar 24 11:07:38 +0000 2015,214148,369,Sat Apr 17 18:27:21 +0000 2010,True
580333763512705025,germanwings-crash,"#Germanwings latest: http://t.co/8tZopIBYLh
- #Airbus A320 crashes in French Alps
- Barcelona-to-Dusseldorf flight
- 142 passengers & 6 crew",523,1760,Tue Mar 24 11:42:05 +0000 2015,14132292,3,Sun Apr 22 14:42:37 +0000 2007,True
580332109782466561,germanwings-crash,#4U9525 From FL380 to FL110 in 8 min? That's average rate of descent 3375 fpm! Than levelled off at FL068? What the hell was going on there?,15,32,Tue Mar 24 11:35:31 +0000 2015,21139,21934,Fri Apr 27 09:59:53 +0000 2012,False
581473088249958400,germanwings-crash,GERMAN NEWS REPORT: Co-Pilot of Germanwings Airbus Was MUSLIM CONVERT …’Hero of Islamic State’? http://t.co/Pw2kxje31m via @gatewaypundit,5,27,Fri Mar 27 15:09:22 +0000 2015,102889,54515,Thu Aug 12 14:41:59 +0000 2010,False
580331561398108160,germanwings-crash,"1047 call: DGAC source says pilots called «urgence, urgence» (“emergency, emergency”), as opposed to a mayday call or 7700 squawk. #4U9525",14,111,Tue Mar 24 11:33:20 +0000 2015,7038,347,Thu May 10 23:12:41 +0000 2007,False
580333909008871424,germanwings-crash,French junior minister for Transport Alain Vidalies confirms they are no survivors in the #Germanwings #A320 crash. http://t.co/ZLIz1oY8wF,1,43,Tue Mar 24 11:42:40 +0000 2015,1523,825,Wed Sep 22 17:48:11 +0000 2010,True
580321156508577792,germanwings-crash,Now hearing 148 passengers + crew on board the #A320 that has crashed in southern French Alps. #GermanWings flight. @BBCWorld,17,95,Tue Mar 24 10:52:00 +0000 2015,7846,723,Mon Sep 14 21:07:45 +0000 2009,True
580371845997682688,germanwings-crash,"#4U9525 took eight minutes to descend from 38,000 feet to impact, says Germanwings CEO Winkelmann.",9,27,Tue Mar 24 14:13:25 +0000 2015,7043,347,Thu May 10 23:12:41 +0000 2007,False
581063377226637312,germanwings-crash,#4U9525: Robin names Andreas Lubitz as the copilot in the flight deck who crashed the aircraft.,3,31,Thu Mar 26 12:01:19 +0000 2015,7419,349,Thu May 10 23:12:41 +0000 2007,False
581047170637381632,germanwings-crash,Names of pilots rumored to be Patrick Sonderheimer with co-pilot Andreas Lubitz - No formal confirmation yet. #germanwings,8,26,Thu Mar 26 10:56:55 +0000 2015,36380,4245,Sat Jun 07 09:10:35 +0000 2008,False
581293286268129280,germanwings-crash,GERMAN NEWS: Co-Pilot of Germanwings Airbus Was MUSLIM CONVERT. Can any muslim be trusted near an airplane now?,22,45,Fri Mar 27 03:14:54 +0000 2015,27856,27971,Tue Apr 26 15:36:22 +0000 2011,False
580319184652890113,germanwings-crash,BREAKING: 148 passengers were on board #GermanWings Airbus A320 which has crashed in the southern French Alps http://t.co/VxxvrU9XmV,5,82,Tue Mar 24 10:44:10 +0000 2015,502598,30,Sat Feb 28 08:31:32 +0000 2009,True
580882341880446977,germanwings-crash,Report: Co-Pilot Locked Out Of Cockpit Before Fatal Plane Crash http://t.co/aXGQuacv2E #Germanwings http://t.co/T80L7BhXX6,7,31,Thu Mar 26 00:01:57 +0000 2015,262423,4762,Tue Dec 18 15:46:37 +0000 2012,True
580319078155468800,germanwings-crash,Germanwings Airbus A320 crashes in French Alps near Digne http://t.co/yNlWbNJmYI,684,4388,Tue Mar 24 10:43:44 +0000 2015,14134290,3,Sun Apr 22 14:42:37 +0000 2007,True
580320684305416192,germanwings-crash,"Accident aircraft looks to be Germanwings (Airline code 4U or GWI) flight 9525, Barcelona to Dusseldorf. #4U9525 http://t.co/TIZc1N1ZrK",10,58,Tue Mar 24 10:50:07 +0000 2015,44760,2245,Sat Jun 27 07:53:20 +0000 2009,False
581386094337474560,germanwings-crash,RT @khjelmgaard: German media reporting #AndreasLubitz had a 'serious depressive episode' six years ago http://t.co/MUdmHPz2ro #Germanwings,10,33,Fri Mar 27 09:23:41 +0000 2015,1539329,800,Wed Aug 06 19:55:31 +0000 2008,True
580360165540642816,germanwings-crash,"@FRANCE24 reporter James André at French Civil Aviation Authority HQ: ""#Germanwings plane did NOT report distress signal"", no mayday.",4,27,Tue Mar 24 13:27:00 +0000 2015,613,732,Wed Jun 29 12:56:29 +0000 2011,False
580339547269144576,germanwings-crash,"Latest on #Germanwings crash: Pilots signaled 911 before dropping out of midair; airline CEO calls this a ""dark day."" http://t.co/S5CZoWnn2T",33,95,Tue Mar 24 12:05:04 +0000 2015,5122787,2801,Mon Mar 12 01:28:01 +0000 2007,True
580340476949086208,germanwings-crash,BREAKING: 148 feared dead in crashed #Germanwings flight http://t.co/bnEGQsxBFL,32,167,Tue Mar 24 12:08:46 +0000 2015,418641,1859,Mon Jul 21 10:50:09 +0000 2008,True
580326222107951104,germanwings-crash,"Heart goes out to 148 passengers and crew of Germanwings Airbus A320 that has crashed in French Alps, Southern France http://t.co/K7fmJLRt4G",94,257,Tue Mar 24 11:12:07 +0000 2015,145903,86003,Sat Oct 10 07:33:26 +0000 2009,False
580324027715063808,germanwings-crash,"JUST IN: Germanwings plane crashes in southern France, up to 150 feared dead http://t.co/GIZjXnqBU3",17,175,Tue Mar 24 11:03:24 +0000 2015,327148,149,Thu May 07 09:14:43 +0000 2009,True
580323060533764097,germanwings-crash,Germanwings passenger plane crashes in France: http://t.co/BSJhGgMChG,10,26,Tue Mar 24 10:59:34 +0000 2015,2742831,8137,Thu Jul 26 19:56:22 +0000 2007,True
580322453928431617,germanwings-crash,German Wings airline tweeting now about reports of plane crashing in French Alps with 148 on board: @germanwings http://t.co/SqUrmcvNKt,17,106,Tue Mar 24 10:57:09 +0000 2015,756575,361,Sun Dec 28 08:02:32 +0000 2008,True
580339825649291264,germanwings-crash,#Germanwings passenger plane crashes in French Alps with 148 onboard http://t.co/JCDZtv8We0 http://t.co/yE0hUNdiTr,42,157,Tue Mar 24 12:06:11 +0000 2015,2168892,2881,Tue Mar 18 23:19:17 +0000 2008,True
524942470472548352,ottawashooting,"The University of Ottawa, just a five minute walk from the Hill, is now on lockdown.",7,101,Wed Oct 22 15:16:52 +0000 2014,2156,1125,Sun Feb 01 22:48:23 +0000 2009,False
525060425184858112,ottawashooting,"The Canadian soldier killed in today's Ottawa shooting is Cpl. Nathan Cirillo, a family source told CNN. Live blog: http://t.co/D58rrFrbwq",232,374,Wed Oct 22 23:05:35 +0000 2014,20038478,113,Tue Jan 02 01:48:14 +0000 2007,True
524931324763992064,ottawashooting,Very reliable source on Parliament Hill tells me the assailant has been killed. #cdnpoli #ottnews,21,169,Wed Oct 22 14:32:35 +0000 2014,5303,797,Mon Mar 23 09:52:41 +0000 2009,True
525023025792835585,ottawashooting,"#RIPNathanCirillo

RT @globeandmail: Soldier killed at war memorial identified as Cpl. Nathan Cirillo #OttawaShooting http://t.co/uZZqmlctss",58,151,Wed Oct 22 20:36:58 +0000 2014,25178,24027,Tue Dec 09 04:02:05 +0000 2008,True
524926235030589440,ottawashooting,BREAKING NEWS: At least 3 shots fired at Ottawa War Memorial. One soldier confirmed shot - http://t.co/wiPaKVPSDb http://t.co/vwxeqj8xe9,17,135,Wed Oct 22 14:12:21 +0000 2014,198032,505,Wed May 04 06:32:13 +0000 2011,False
524981436252950528,ottawashooting,Canadian authorities have given name of suspect in Ottawa attacks to U.S. feds ask for FBI assistance: Sr U.S. law enforcement official,35,173,Wed Oct 22 17:51:42 +0000 2014,18002,8830,Mon Sep 15 18:57:11 +0000 2008,True
525032872647065600,ottawashooting,"BREAKING: Michael Zehaf-Bebeau had been designated ""high-risk traveller"" by CDN govt, which confiscated his passport http://t.co/dPeMQ78jzm",19,121,Wed Oct 22 21:16:06 +0000 2014,16916,836,Sat Jul 14 19:35:48 +0000 2012,False
525058976376193024,ottawashooting,Our thoughts and prayers go out to Nathan Cirillo who died today in Ottawa while protecting his country at age 24 http://t.co/PfwasSALPX,351,248,Wed Oct 22 22:59:49 +0000 2014,1361,24,Tue Feb 04 04:28:22 +0000 2014,False
525028734991343617,ottawashooting,CTV News confirms that Canadian authorities have provided US authorities with the name Michael Zehaf-Bibeau in connection to Ottawa shooting,54,134,Wed Oct 22 20:59:39 +0000 2014,640090,367,Wed Jan 28 04:56:13 +0000 2009,True
524983581983375360,ottawashooting,"Police now say there were two shooting incidents in Ottawa: one at the war memorial, the other on Parliament Hill. http://t.co/q98AMohu7T",201,502,Wed Oct 22 18:00:14 +0000 2014,20041552,113,Tue Jan 02 01:48:14 +0000 2007,True
524941132237910016,ottawashooting,Here's that dramatic video via @josh_wingrove of shots fired inside parliament building: https://t.co/1waid25vOE #Ottawa #shooting,24,100,Wed Oct 22 15:11:33 +0000 2014,1020,1369,Thu Apr 30 18:13:30 +0000 2009,True
524949443607412737,ottawashooting,"Ottawa Police report a third shooting at Rideau Centre, no reports of injuries.",73,237,Wed Oct 22 15:44:35 +0000 2014,35949,25730,Tue Mar 31 17:29:30 +0000 2009,False
524923676484177920,ottawashooting,BREAKING - Shooting on Parliament Hill. RCMP have weapons drawn #cdnpoli http://t.co/38qOgXcuet,41,391,Wed Oct 22 14:02:11 +0000 2014,10991,2447,Wed May 27 14:44:20 +0000 2009,False
524975705206304769,ottawashooting,#NHL cancels tonight's game between #Ottawa and #Toronto due to today's shootings. Senators were to host Maple Leafs.,127,380,Wed Oct 22 17:28:56 +0000 2014,361288,263,Thu Jan 15 21:03:19 +0000 2009,True
525025463648137216,ottawashooting,BREAKING: A source confirms to CP24 that the deceased soldier in Ottawa is Cpl. Nathan Cirillo. Cirillo was a member of the Hamilton Argylls,54,148,Wed Oct 22 20:46:39 +0000 2014,638122,367,Wed Jan 28 04:56:13 +0000 2009,True
524940659778920448,ottawashooting,Attack on Parliament: Soldier shot gunman on the loose. Follow our developing story: http://t.co/bo99C9HqJE http://t.co/2FXEYtTl8w,14,214,Wed Oct 22 15:09:40 +0000 2014,542809,415,Sat Sep 08 00:46:45 +0000 2007,True
524947674164760577,ottawashooting,BREAKING NEWS: New York Times is reporting the Canadian soldier who was shot has died from their injuries. Heartbreaking. #cdnpoli #ableg,6,112,Wed Oct 22 15:37:33 +0000 2014,6089,3104,Fri Oct 04 02:09:13 +0000 2013,False
524952883343925249,ottawashooting,Watch video showing gunfire inside Canada's parliament in Ottawa http://t.co/CJpXNAk8nS http://t.co/hxwr2NEr2K,312,1054,Wed Oct 22 15:58:15 +0000 2014,11819737,3,Sun Apr 22 14:42:37 +0000 2007,True
524972443308683264,ottawashooting,Statement from Ottawa Hospital: received 3 patients. 2 in stable condition. http://t.co/zu5hYPrGDL,20,144,Wed Oct 22 17:15:58 +0000 2014,4313,1597,Wed Jan 07 05:13:16 +0000 2009,True
524929497205055488,ottawashooting,"Canada's Parliament Hill is on lockdown as police hunt shooting suspect; at least 1 injured - @CBCNews, @TorontoStar http://t.co/aF9HyT9BgX",45,268,Wed Oct 22 14:25:19 +0000 2014,7000118,501,Sun May 13 23:06:45 +0000 2007,True
524944399890124801,ottawashooting,Recap: Gunman shot dead inside Parliament buildings police believe there may be others on loose. Cdn soldier shot earlier at War Memorial.,130,976,Wed Oct 22 15:24:32 +0000 2014,366215,264,Thu Jan 15 21:03:19 +0000 2009,True
524925987239120897,ottawashooting,Soldier shot at National War Memorial in Ottawa http://t.co/Sgmcq7gUzf #cdnpoli #hw,13,155,Wed Oct 22 14:11:22 +0000 2014,67569,228,Mon Sep 14 15:51:18 +0000 2009,True
524947416869388288,ottawashooting,Reports now that 2nd shooter has been shot in downtown Ottawa #ottnews,101,237,Wed Oct 22 15:36:31 +0000 2014,35698,25733,Tue Mar 31 17:29:30 +0000 2009,False
524936872666353664,ottawashooting,More shots fired just off Parliament Hill. Police telling everyone to take cover.,194,1665,Wed Oct 22 14:54:37 +0000 2014,365998,264,Thu Jan 15 21:03:19 +0000 2009,True
524948866773184512,ottawashooting,Ottawa police issued a statement. Three separate shooting incidents. Once inside parliament. One at the war memorial. One at Rideau Centre,10,177,Wed Oct 22 15:42:17 +0000 2014,658,442,Thu Sep 17 22:50:16 +0000 2009,False
525003468659228672,ottawashooting,These are not timid colours soldiers back guarding Tomb of Unknown Soldier after today's shooting #StandforCanada http://t.co/7KoW2xATKG,187,349,Wed Oct 22 19:19:15 +0000 2014,286,553,Thu Jul 30 21:00:49 +0000 2009,False
524925730053181440,ottawashooting,"Shooter still on loose after uniformed soldier shot at #Ottawa's War Memorial, across road from Parliament. MP's being taken out of offices.",66,837,Wed Oct 22 14:10:21 +0000 2014,365930,264,Thu Jan 15 21:03:19 +0000 2009,True
524925050739490816,ottawashooting,BREAKING NEWS: Soldier shot at National War Memorial in Ottawa http://t.co/pp6hcfWcRw,28,271,Wed Oct 22 14:07:39 +0000 2014,639325,1939,Wed May 30 05:20:39 +0000 2007,True
525025279803424768,ottawashooting,The soldier shot dead in Wednesday's Ottawa attacks has been named as Cpl. Nathan Cirillo of #HamOnt #ottawashooting http://t.co/MxLMptnlWw,36,119,Wed Oct 22 20:45:55 +0000 2014,6540,2454,Mon May 14 17:26:35 +0000 2007,True
524932935137628160,ottawashooting,The gunman in Ottawa has been shot and killed. I'm at a loss for words this morning. That isn't my Canada.,331,225,Wed Oct 22 14:38:59 +0000 2014,590928,907,Thu Mar 05 03:24:25 +0000 2009,True
524947867975561216,ottawashooting,"Ottawa Police Service: There were ""numerous gunmen"" at the Canada War Memorial shooting. One person was shot. http://t.co/zNhxK6wBoy",250,1030,Wed Oct 22 15:38:19 +0000 2014,20040953,113,Tue Jan 02 01:48:14 +0000 2007,True
524965775036387329,ottawashooting,"Hero. @affanchowdhry: Kevin Vickers, head of security in parliament, being credited for taking down shooter #Ottawa http://t.co/rVYetE0KYq""",68,164,Wed Oct 22 16:49:28 +0000 2014,2050,424,Tue Jul 27 19:01:36 +0000 2010,False
524995771587108864,ottawashooting,This afternoon we've lowered our flags to half mast in honour of the Canadian Reservist who lost his life in Ottawa. http://t.co/3oTF5sd2Lf,94,106,Wed Oct 22 18:48:40 +0000 2014,12444,422,Tue Nov 10 15:00:17 +0000 2009,False
524927281048080385,ottawashooting,Snipers set up on National Art Gallery as we remain barricaded in Centre Block on Parliament Hill #cdnpoli. http://t.co/lWKaxLI9jO,279,937,Wed Oct 22 14:16:31 +0000 2014,2881,2887,Sun Aug 21 02:46:43 +0000 2011,False
524966904885428226,ottawashooting,BREAKING UPDATE: Canadian soldier injured at Parliament Hill shooting dies http://t.co/Zp9AKplH9p  #Ottawa,23,129,Wed Oct 22 16:53:58 +0000 2014,789414,437,Tue Aug 11 06:12:45 +0000 2009,True
524969201102901248,ottawashooting,"MPs credit sergeant-at-arms for saving lives in Parliament Hill shootings
http://t.co/3NfiSwTwPt http://t.co/V5tIbCQgj9",247,414,Wed Oct 22 17:03:05 +0000 2014,640037,367,Wed Jan 28 04:56:13 +0000 2009,True
524923462398513152,ottawashooting,Shots fired on parliament hill after a man walked up with a gun. I'm locked in a security office on parliament hill,20,168,Wed Oct 22 14:01:20 +0000 2014,4898,1832,Fri Feb 04 18:59:50 +0000 2011,True
524932056560963584,ottawashooting,"BREAKING: At least 20 shots have been fired in the Canadian parliament in Ottawa, according to witnesses.",20,102,Wed Oct 22 14:35:29 +0000 2014,17145,6703,Wed Feb 11 23:20:57 +0000 2009,False
524956129017995264,ottawashooting,"Police say shots fired at 3 #Ottawa sites -  National War Memorial, Parliament Hill, and now Rideau shopping centre http://t.co/rOnqpUbuqc",134,686,Wed Oct 22 16:11:09 +0000 2014,11834319,3,Sun Apr 22 14:42:37 +0000 2007,True
524943490887991296,ottawashooting,"CONFIRMED | 1 shooter shot dead at Parliament Hill, but there is more than 1 suspect. #cbcOTT #OTTnews",129,930,Wed Oct 22 15:20:55 +0000 2014,66735,296,Wed Jan 14 22:46:19 +0000 2009,False
525049639016615937,ottawashooting,This is the soldier who died today at the #Ottawa War Memorial. His name is Cpl. Nathan Cirillo. #RIP #OttawaStrong http://t.co/vhPBPq5yYk,97,187,Wed Oct 22 22:22:43 +0000 2014,18514,136,Wed Aug 05 11:25:50 +0000 2009,False
524959809402331137,ottawashooting,Senior U.S. official: Canadian government has informed U.S. that one shooter is dead in Ottawa. Live blog: http://t.co/q98AMohu7T,181,407,Wed Oct 22 16:25:46 +0000 2014,20006387,112,Tue Jan 02 01:48:14 +0000 2007,True
524980744658382848,ottawashooting,"#RCMP to hold news conference on #Ottawa shootings at 2 pm ET, 11 am PT. Watch live coverage @ http://t.co/kngapKTSCe",65,219,Wed Oct 22 17:48:57 +0000 2014,361729,263,Thu Jan 15 21:03:19 +0000 2009,True
524924619812511746,ottawashooting,Witness tells #CBCNews suspected shooter of uniformed soldier at #Ottawa's War Memorial was carrying rifle.,12,184,Wed Oct 22 14:05:56 +0000 2014,359058,263,Thu Jan 15 21:03:19 +0000 2009,True
524993533212897281,ottawashooting,"FBI assisting in the case of the Ottawa shooting, sources have confirmed to CTV News",89,228,Wed Oct 22 18:39:46 +0000 2014,173097,339,Fri Oct 15 15:48:42 +0000 2010,True
524970851675176960,ottawashooting,Canada's parliament building locked down after shooting at least one guard injured: http://t.co/Nrsnlg2s04 Photo: AP http://t.co/qPXF4IF6aM,56,162,Wed Oct 22 17:09:39 +0000 2014,29424,342,Wed Apr 01 20:26:40 +0000 2009,True
524935485370929152,ottawashooting,Shooting in Canadian parliament comes day after ISIS-inspired radical drove in2 Canadian soldier. Also reports of shooting at War memorial/1,11,116,Wed Oct 22 14:49:07 +0000 2014,8924,1319,Sun Apr 12 18:58:23 +0000 2009,True
524926472432410625,ottawashooting,"One person shot outside Centre Block, a second wounded inside the building in Parliament Hill shooting http://t.co/zng0g0aelU",13,121,Wed Oct 22 14:13:18 +0000 2014,42852,643,Tue Feb 17 17:06:50 +0000 2009,False
524964948683005952,ottawashooting,"#Ottawa police confirm to #CBCNews they are still seeking 1 or more suspects after shootings on Parliament Hill, War Memorial, nearby mall.",118,721,Wed Oct 22 16:46:11 +0000 2014,366219,264,Thu Jan 15 21:03:19 +0000 2009,True
524937542131793920,ottawashooting,We are in full lock down until further notice from Ottawa Police.,20,214,Wed Oct 22 14:57:17 +0000 2014,1437,184,Tue Sep 24 15:13:30 +0000 2013,False
524922729485848576,ottawashooting,Only photo I will tweet. CPR being performed on the soldier now. I heard four shots. #ottawa http://t.co/cqdw1yx8AI,10,105,Wed Oct 22 13:58:25 +0000 2014,1209,1146,Thu Jun 04 18:42:30 +0000 2009,False
525056576038518785,ottawashooting,Soldier killed in Canada shooting was a young reservist with a six-year-old son http://t.co/83PReIl9XV http://t.co/LVprXOCCF7,416,1082,Wed Oct 22 22:50:17 +0000 2014,672990,262,Thu Sep 18 06:50:54 +0000 2008,True
524925215235911680,ottawashooting,#BREAKING news: Shots fired at Parliament Hill. Follow developing story: http://t.co/gPg9nujRvk http://t.co/H0Hw24j5ma,80,565,Wed Oct 22 14:08:18 +0000 2014,543024,415,Sat Sep 08 00:46:45 +0000 2007,True
524990163446140928,ottawashooting,"Police have clarified that there were two shootings in Ottawa today, not three: at the War Memorial and Parliament Hill.",70,273,Wed Oct 22 18:26:23 +0000 2014,173267,339,Fri Oct 15 15:48:42 +0000 2010,True
525019752507658240,ottawashooting,"#ISIS Media account posts picture claiming to be Michael Zehaf-Bibeau, dead #OttawaShooting suspect. #Canada http://t.co/kWam0E4tyX",224,1123,Wed Oct 22 20:23:58 +0000 2014,2582,394,Fri Aug 29 19:02:01 +0000 2014,False
524962142563610625,ottawashooting,"#BREAKING Rick Hughes at CBC Hamilton: 

The soldier who was shot in Ottawa Wednesday morning is a reservist serving in Hamilton",30,180,Wed Oct 22 16:35:02 +0000 2014,570,479,Mon Nov 19 14:14:46 +0000 2012,False
524991576163250176,ottawashooting,MORE: Police believe three gunmen were involved in shootings in Ottawa this morning and are looking for two shooters. http://t.co/IHV4galEtC,28,109,Wed Oct 22 18:32:00 +0000 2014,3366613,396,Thu Jun 05 00:54:31 +0000 2008,True
525068915068923904,ottawashooting,***EXCLUSIVE*** Michael Zahaf-Bibeau caught on a #DASHCAM model sold at http://t.co/62s1bT3ecH #OttawaShooting http://t.co/LpnqAKsHZw,85,105,Wed Oct 22 23:39:19 +0000 2014,5074,1654,Tue Dec 02 22:11:26 +0000 2008,False
529540733020405760,prince-toronto,"PRINCE IN TORONTO TONIGHT:
@3RDEYEGIRL tweeted this morning to say OTNOROT CALLING, which is Toronto backwards, obviously.... Seems it's on!",7,3,Tue Nov 04 07:48:43 +0000 2014,3664,474,Sun Sep 23 23:08:55 +0000 2012,False
529739968470867968,prince-toronto,"Prince not playing Massey Hall tonight, promoter says http://t.co/clVHvM07kx http://t.co/IADirsFOOC",8,26,Tue Nov 04 21:00:25 +0000 2014,665484,1978,Wed May 30 05:20:39 +0000 2007,True
529687410611728384,prince-toronto,Is it true? Prince rumoured to be performing surprise show in Toronto http://t.co/EZiiLVkXyb,8,7,Tue Nov 04 17:31:34 +0000 2014,44686,412,Tue May 26 17:31:17 +0000 2009,True
529695367680761856,prince-toronto,OMG. #Prince rumoured to be performing in Toronto today. Exciting!,9,12,Tue Nov 04 18:03:11 +0000 2014,32054,215,Wed Mar 06 03:29:51 +0000 2013,True
529654186791944192,prince-toronto,Prince rumoured to be performing in surprise show in Toronto http://t.co/PEbtcmybqc http://t.co/HOoFI33eV2,5,11,Tue Nov 04 15:19:33 +0000 2014,178509,340,Fri Oct 15 15:48:42 +0000 2010,True
529713467184676864,prince-toronto,Secret Prince show rumored for Toronto tonight http://t.co/GE2DFcFKLJ,37,31,Tue Nov 04 19:15:06 +0000 2014,2064668,3625,Thu Oct 25 21:33:23 +0000 2007,True
529720273285566464,prince-toronto,"In response to inquiries, we can confirm that Prince will not be performing at @masseyhall tonight.",49,234,Tue Nov 04 19:42:09 +0000 2014,35131,8780,Tue Feb 17 22:09:09 +0000 2009,True
529689679411810304,prince-toronto,People talking about stupid shit like government corruption and harassment when Prince is in Toronto smh,5,3,Tue Nov 04 17:40:35 +0000 2014,345,308,Wed Feb 20 06:16:22 +0000 2013,False
529660296080916480,prince-toronto,Prince is playing a secret show in Toronto tonight.  I will also be playing a secret show tonight involving pizza & netflix bingeing.,47,11,Tue Nov 04 15:43:49 +0000 2014,31352,2128,Thu Mar 04 20:15:26 +0000 2010,False
529653029747064832,prince-toronto,Prince fans lining up at Massey Hall. Wristbands for surprise show reportedly on sale at 6pm. #Toronto http://t.co/uZBPGlfyce,7,12,Tue Nov 04 15:14:57 +0000 2014,5018,269,Wed May 02 14:01:54 +0000 2012,False
529695483661664257,prince-toronto,Clearly prince is having a show in #toronto @TorontoComms #tdot #gta #prince #concert http://t.co/e7oktlGd1v,4,8,Tue Nov 04 18:03:39 +0000 2014,25,167,Wed Oct 22 19:42:36 +0000 2014,False
529716453792956416,prince-toronto,Is #Prince in #Toronto? Rumours fly of surprise show... @masseyhall http://t.co/ySchlys6DA,1,2,Tue Nov 04 19:26:58 +0000 2014,59597,224,Wed Feb 18 16:38:27 +0000 2009,False
576319832800555008,putinmissing,Hoppla! @L0gg0l: Swiss Rumors: Putin absence due to girlfriend Alina giving birth in Ticino http://t.co/vZnGDH1Qys http://t.co/5TvXSdvd1H,26,69,Fri Mar 13 09:52:10 +0000 2015,136179,388,Wed Jan 26 19:56:43 +0000 2011,False
576513463738109954,putinmissing,Putin reappears on TV amid claims he is unwell and under threat of coup http://t.co/YZln23EUx1 http://t.co/ZsAnBa5gz3,20,53,Fri Mar 13 22:41:35 +0000 2015,937430,2351,Tue Jul 15 10:17:46 +0000 2008,True
576829262927413248,putinmissing,Very good on #Putin coup by @CoalsonR: Three Scenarios For A Succession In Russia http://t.co/fotdqxDfEV via @RFERL http://t.co/RdA0giizeb,36,68,Sat Mar 14 19:36:27 +0000 2015,20968,19605,Sun Feb 22 16:26:27 +0000 2009,False
576323086888361984,putinmissing,This appears to be the original source of the Putin/Kabayeva/Swiss clinic rumour http://t.co/bKfJTSGdca,13,42,Fri Mar 13 10:05:06 +0000 2015,46401,2709,Fri Jul 08 14:32:54 +0000 2011,True
576755174531862529,putinmissing,Coup? RT @jimgeraghty: Rumors all Russian military attaches at embassy in London have returned to Moscow: http://t.co/e8ZoFxtfHX,0,4,Sat Mar 14 14:42:03 +0000 2015,14471,11175,Thu Oct 23 18:07:29 +0000 2008,False
576276947648405505,putinmissing,Coup in #Russia? Good article by @Forbes. http://t.co/aaNCpb0blW #RamzanKadyrov #Putin #putindead http://t.co/OfivdTlTbO,4,4,Fri Mar 13 07:01:45 +0000 2015,1485,972,Sun Apr 07 04:08:43 +0000 2013,False
577258317942149120,putinmissing,Was Vladimir Putin netralized by an internal coup? Or maybe he's vacationing in Harper's closet:  http://t.co/tlr3cFLEyv #LookingForNarnia,4,7,Mon Mar 16 00:01:22 +0000 2015,11502,2580,Tue May 14 12:42:51 +0000 2013,False
576796432730071040,putinmissing,Unformed Russian Embassy staff in London have left for Russia  Rumours Putin HAS DIED! http://t.co/zSIV8w6FJ2 via @ShaunyNews #PutinDead?,2,5,Sat Mar 14 17:26:00 +0000 2015,5011,5103,Fri Sep 06 14:05:17 +0000 2013,False
576812998418939904,putinmissing,Putin reappears on television amid rumours his 'girlfriend' is about 2 give birth http://t.co/yJuN1F0QXE http://t.co/B7FXmo03jK @Scofield_Fx,0,2,Sat Mar 14 18:31:50 +0000 2015,1372,1097,Tue Mar 06 13:30:50 +0000 2012,False
544319832486064128,sydneysiege,"Hostage situation erupts in Sydney cafe, Australian prime minister says it may be ""politically motivated"" http://t.co/439C1MkRWf",45,271,Mon Dec 15 02:35:35 +0000 2014,4449631,7357,Fri Jun 26 21:48:52 +0000 2009,True
544306402731507712,sydneysiege,#pmharper tweets 'Canada's thoughts and prayers are with our Australian friends.' 13-40 hostages held in cafe in #Sydney. #SydneySiege,38,117,Mon Dec 15 01:42:13 +0000 2014,402366,264,Thu Jan 15 21:03:19 +0000 2009,True
544517264054423552,sydneysiege,#BREAKING: Police have confirmed that the #SydneySiege is over. #9News,275,677,Mon Dec 15 15:40:07 +0000 2014,26261,1644,Wed Jul 28 05:48:13 +0000 2010,True
544292129972170752,sydneysiege,BREAKING ALERT: Preliminary reports indicate perpetrators appear to be members of #ISIS. #SydneySiege,30,117,Mon Dec 15 00:45:30 +0000 2014,101553,308,Mon Nov 28 19:48:32 +0000 2011,False
544309275141885952,sydneysiege,Approximately 50 hostages may be held captive at #Lindt café – local reports http://t.co/1ZlzKDjvSf #sydneysiege http://t.co/NvLr5kyQG8,91,432,Mon Dec 15 01:53:38 +0000 2014,824767,460,Tue Aug 11 06:12:45 +0000 2009,True
544271362022338560,sydneysiege,"Black Islamic flag being held up in window of #lindt chocolate store in Martin Place, Sydney - hostages inside. http://t.co/fAV7PEuY6P",35,208,Sun Dec 14 23:22:59 +0000 2014,1148,1164,Thu Jan 28 11:36:46 +0000 2010,True
544374511194632192,sydneysiege,UPDATE: Total of 5 people have been able to get out of Sydney cafe during hostage situation: http://t.co/mp18E4DdjW http://t.co/n5vhI5DsZg,112,220,Mon Dec 15 06:12:52 +0000 2014,3775737,860,Sat Apr 04 12:40:32 +0000 2009,True
544329935943237632,sydneysiege,Uber Sydney trips from CBD will be free for riders. Higher rates are still in place to encourage drivers to get into the CBD.,178,491,Mon Dec 15 03:15:44 +0000 2014,5051,675,Wed Feb 29 00:01:36 +0000 2012,True
544293753130082305,sydneysiege,DETAILS: The hostage site is Lindt Chocolat Cafe near #Sydney Harbor http://t.co/1ZlzKDjvSf http://t.co/7u8EFUwCey,27,109,Mon Dec 15 00:51:57 +0000 2014,824505,460,Tue Aug 11 06:12:45 +0000 2009,True
544399927045283840,sydneysiege,"NSW Police confirm 5 hostages have emerged from #sydneysiege and they are negotiating: ""It might take a bit of time"" http://t.co/le9r9REzdR",241,572,Mon Dec 15 07:53:51 +0000 2014,12524120,3,Sun Apr 22 14:42:37 +0000 2007,True
544268732046913536,sydneysiege,#BREAKING: Hostages are being held and a siege is taking place at Sydney's Lindt Chocolat Cafe in Martin Place.,9,108,Sun Dec 14 23:12:32 +0000 2014,150994,85683,Sat Oct 18 02:39:23 +0000 2008,True
544333764814323713,sydneysiege,"Gunman's headband reads, ""We are your soldiers O Muhammad"".
#MartinPlace #SydneySiege http://t.co/ggUgP4kV9c",20,145,Mon Dec 15 03:30:57 +0000 2014,253,159,Thu Jul 26 19:32:10 +0000 2012,False
544380742076088320,sydneysiege,"This is shot that captures the #sydneysiege: sheer terror/relief of escaped hostages, incredible work of @nswpolice http://t.co/iCffJZ9NuZ",267,441,Mon Dec 15 06:37:37 +0000 2014,4931,659,Wed Mar 04 03:07:11 +0000 2009,False
544271284796784640,sydneysiege,"DEVELOPING: Gunman Takes Hostages In Sydney Cafe, 'ISIS' Flags Being Held Against Window - http://t.co/gDkig15YuN http://t.co/suVfoMmBwM",20,177,Sun Dec 14 23:22:41 +0000 2014,110901,3,Sun Sep 18 16:36:06 +0000 2011,False
544282227035869184,sydneysiege,"BREAKING NEWS: Gunmen take hostages at Sydney cafe, wave Islamic flag http://t.co/zmSo3ARDVs http://t.co/HFW40OyVUz",57,197,Mon Dec 15 00:06:09 +0000 2014,202022,3540,Wed May 04 06:32:13 +0000 2011,False
544289311504355328,sydneysiege,Statement from Prime Minister Tony Abbott on Sydney hostage situation. http://t.co/MHkNRZFQWB,45,211,Mon Dec 15 00:34:18 +0000 2014,19266,679,Tue Sep 15 04:10:18 +0000 2009,True
544290258951892992,sydneysiege,Central Sydney shut down by police amid ongoing hostage situation: http://t.co/TvAlMmqFxP,47,149,Mon Dec 15 00:38:04 +0000 2014,5446500,968,Sun Apr 01 06:22:13 +0000 2007,True
544510450101415936,sydneysiege,"Several more hostages flee from cafe under siege in Sydney, local media say http://t.co/YjuafDPNEY",146,288,Mon Dec 15 15:13:02 +0000 2014,12523793,3,Sun Apr 22 14:42:37 +0000 2007,True
544512108885725184,sydneysiege,Paramedics are currently carrying out a number of hostages in #MartinPl. #SydneySiege #9News,53,154,Mon Dec 15 15:19:37 +0000 2014,26144,1644,Wed Jul 28 05:48:13 +0000 2010,True
544328894812549121,sydneysiege,"#SYDNEYSIEGE: Hostage-takers ‘have suicide belts, demand radio convo with #Abbott’ – report http://t.co/1ZlzKDjvSf http://t.co/7Jej7i4SlO",142,562,Mon Dec 15 03:11:36 +0000 2014,824828,460,Tue Aug 11 06:12:45 +0000 2009,True
544289409294553088,sydneysiege,Full statement from PM Abbott on #Sydneysiege #MartinPlace #Lindt. http://t.co/7ilKZGNBDz,29,184,Mon Dec 15 00:34:42 +0000 2014,79481,2577,Wed Mar 18 06:02:49 +0000 2009,True
544491151118860289,sydneysiege,"SYDNEY HOSTAGE-TAKER
- Man Monis, 49
- Originally from Iran
- Self-styled sheikh
- Accused of sexually assaulting 7 women
DEVELOPING..",33,121,Mon Dec 15 13:56:21 +0000 2014,201476,3540,Wed May 04 06:32:13 +0000 2011,False
544515538383564801,sydneysiege,"Haron Monis,Hostage-taker in #Sydney: Fled #Iran 96,suspect in ex-wife killing,46 sex assaults http://t.co/3caiB9OnFg http://t.co/vfOXjtrGgZ",33,191,Mon Dec 15 15:33:15 +0000 2014,8159,980,Mon May 25 13:50:07 +0000 2009,False
544283772569788416,sydneysiege,Live Updates: Siege in Sydney Cafe http://t.co/aNIHU5DlLj,49,180,Mon Dec 15 00:12:18 +0000 2014,1732248,17,Thu Jul 19 14:42:53 +0000 2007,True
544358533819420672,sydneysiege,BREAKING: Three hostages appear to have escaped the Sydney cafe where a siege remains ongoing. http://t.co/akfqcnbofX #sydneyseige,56,166,Mon Dec 15 05:09:22 +0000 2014,2926713,385,Sat Mar 24 10:48:14 +0000 2007,True
544520273718812672,sydneysiege,Police confirm that #sydneysiege is finally over. Two people reportedly injured after suffering gunshot wounds http://t.co/nsprnSYTDT,133,110,Mon Dec 15 15:52:04 +0000 2014,90208,623,Wed Dec 30 23:59:26 +0000 2009,True
544272537341812736,sydneysiege,SYDNEY SIEGE: Gunman forces hostages to hold up ISIS flag in window http://t.co/9K3XXEiSFa http://t.co/cATxCjYXpy,51,404,Sun Dec 14 23:27:39 +0000 2014,2115,136,Mon Oct 14 15:02:11 +0000 2013,True
544297696308518912,sydneysiege,"UPDATE: 13 people being held hostage in #Sydney shop, Opera House evacuated after suspicious package found: reports http://t.co/n4D3yGjso9",106,345,Mon Dec 15 01:07:38 +0000 2014,4636605,382,Sat Mar 17 19:01:26 +0000 2007,True
544306719686656000,sydneysiege,"US evacuated Consulate in Sydney after #sydneysiege. Emergency warning to U.S. citizens urging them to ""maintain high level of vigilance"".",69,245,Mon Dec 15 01:43:29 +0000 2014,34994,250,Mon Apr 21 09:56:28 +0000 2008,True
544367462012432384,sydneysiege,"MORE: Police confirm 3 hostages escape Sydney cafe, unknown number remain inside http://t.co/pcAt91LIdS #Sydneysiege",76,117,Mon Dec 15 05:44:51 +0000 2014,4637065,382,Sat Mar 17 19:01:26 +0000 2007,True
544324444773433348,sydneysiege,"Uber says it has hiked prices in Sydney to ""encourage more drivers to come online &amp; pick up passengers."" http://t.co/MCJ0rMSXPc #SydneySiege",33,154,Mon Dec 15 02:53:55 +0000 2014,4814829,2778,Mon Mar 12 01:28:01 +0000 2007,True
544511199702822913,sydneysiege,POLICE MOVE IN: Police confirm live ammunition used in Martin Place #sydneysiege,41,106,Mon Dec 15 15:16:01 +0000 2014,42209,397,Thu Jun 17 01:05:23 +0000 2010,True
544305745416581120,sydneysiege,Police stand guard as hostages are held in a cafe in Sydney. Follow AFP's LIVE REPORT: http://t.co/yKWnSmShSY http://t.co/wyjunPbDfo,22,161,Mon Dec 15 01:39:37 +0000 2014,282186,486,Tue Sep 27 00:35:10 +0000 2011,True
544269749405097984,sydneysiege,BREAKING: Live coverage of hostage situation unfolding in Sydney's Martin Place http://t.co/TTG8ye71Zg http://t.co/iTwradHTb3,88,483,Sun Dec 14 23:16:34 +0000 2014,170463,4176,Fri Jun 27 02:03:07 +0000 2008,True
544512664769396736,sydneysiege,"BREAKING: Police enter #Lindt cafe, hostages flee http://t.co/iuaLgRi7jj  #sydneysiege http://t.co/hXZ8EffN3f",61,269,Mon Dec 15 15:21:50 +0000 2014,824634,460,Tue Aug 11 06:12:45 +0000 2009,True
544305540286148609,sydneysiege,A man believed to be the gunman filmed wearing a black headband inside the cafe http://t.co/7ixIlhiVXZ http://t.co/dOW5zfm1uU,18,109,Mon Dec 15 01:38:48 +0000 2014,2051,136,Mon Oct 14 15:02:11 +0000 2013,True
544291965513134080,sydneysiege,"According to Seven, this is a picture of the gunman http://t.co/3Zor3gSOSO",20,116,Mon Dec 15 00:44:51 +0000 2014,10813,1661,Tue Jun 30 06:46:07 +0000 2009,True
544282005941530624,sydneysiege,Hostages in Sydney cafe made to hold up Islamic flags http://t.co/I1PsUPekkB,51,103,Mon Dec 15 00:05:17 +0000 2014,702080,41323,Tue Nov 18 19:46:36 +0000 2008,True
544274934835707905,sydneysiege,Several people being held hostage at a Sydney cafe. Australian tv showing people with  hands up against a window: http://t.co/AD2PR4OPFq,113,762,Sun Dec 14 23:37:11 +0000 2014,8175508,61,Thu Feb 01 07:44:29 +0000 2007,True
544352727971954690,sydneysiege,"Local media: 3 people appear to escape from Martin Place, Sydney, café, amid hostage situation - @ABCNews http://t.co/N5mmnilz4Z",70,212,Mon Dec 15 04:46:18 +0000 2014,7125070,505,Sun May 13 23:06:45 +0000 2007,True
544277860555710464,sydneysiege,ISIS -holding a Cafe hostage in Sydney- forcing Hostages to press ISIS flags against the Windows #DramaAlert HOT! http://t.co/XwXLvvWc76,100,102,Sun Dec 14 23:48:48 +0000 2014,171398,537,Wed Oct 10 23:43:12 +0000 2012,False
544391176137089024,sydneysiege,"Hostage taker in Sydney cafe demands ISIS flag and call with Australian PM, Sky News reports. http://t.co/a2vgrn30Xh #sydneysiege",34,246,Mon Dec 15 07:19:05 +0000 2014,2927521,385,Sat Mar 24 10:48:14 +0000 2007,True
544504183341064192,sydneysiege,"Escaped #SydneySiege hostage, Elly Chen, a top student and skilled sportswoman http://t.co/cOyz8N2IMb http://t.co/48YdSm7lJB",130,182,Mon Dec 15 14:48:08 +0000 2014,442770,81,Tue Mar 03 06:19:00 +0000 2009,False
544476808566276097,sydneysiege,TV channels have chosen not to show videos of hostages relaying #sydneysiege gunman's demands. http://t.co/5jtd36wFOU http://t.co/oKJPRv40l3,79,157,Mon Dec 15 12:59:21 +0000 2014,1730647,17,Thu Jul 19 14:42:53 +0000 2007,True
544358564484378624,sydneysiege,Police: Negotiators are now in contact with armed hostage-taker in Sydney situation motive remains unknown - http://t.co/mp18E4DdjW,24,114,Mon Dec 15 05:09:30 +0000 2014,3775576,860,Sat Apr 04 12:40:32 +0000 2009,True
544278335455776769,sydneysiege,"#BREAKING Hostages held inside Sydney cafe, Islamic flag held up",23,219,Sun Dec 14 23:50:42 +0000 2014,282320,486,Tue Sep 27 00:35:10 +0000 2011,True
544382892378714113,sydneysiege,Five Hostages Escape Sydney Cafe Siege — Live Updates From @BuzzFeedOz http://t.co/aFHirytbFH http://t.co/BiLJuBBc5R,138,138,Mon Dec 15 06:46:10 +0000 2014,187975,4737,Tue Dec 18 15:46:37 +0000 2012,True
544289941996326912,sydneysiege,Prime Minister Tony Abbott's statement on the #SydneySiege. Updates: http://t.co/EgWHAnjO35 http://t.co/AGhyN5Qkei,32,153,Mon Dec 15 00:36:49 +0000 2014,230663,395,Mon Oct 22 23:57:33 +0000 2007,True
544301453717041152,sydneysiege,BREAKING UPDATE: Gunman says four devices are located around Sydney. Security response underway. Police calling for calm. 9News,66,338,Mon Dec 15 01:22:33 +0000 2014,202003,3540,Wed May 04 06:32:13 +0000 2011,False
544512910538838016,sydneysiege,"UPDATE: Hostages fleeing #Sydney cafe held by Iranian gunman as explosions, gunshots are heard: http://t.co/WrPVZSJHlX",45,142,Mon Dec 15 15:22:49 +0000 2014,4636556,382,Sat Mar 17 19:01:26 +0000 2007,True
544277117039837184,sydneysiege,Flag in window of Sydney Lindt cafe not an ISIS flag. Reads: ‘There is no God but Allah and Muhammad is the messenger of God’ (@liztilley84),48,390,Sun Dec 14 23:45:51 +0000 2014,150995,85683,Sat Oct 18 02:39:23 +0000 2008,True
544518335019229184,sydneysiege,#BREAKING: At least two people have died following the #SydneySiege. 5 people are being treated by paramedics.,45,251,Mon Dec 15 15:44:22 +0000 2014,4301,1733,Tue Feb 14 06:18:22 +0000 2012,False
544462330105712640,sydneysiege,Sydney airspace wasn't closed. A second terror suspect wasn't arrested. Myths around #sydneysiege debunked. http://t.co/yTLKLUKnFd,45,116,Mon Dec 15 12:01:49 +0000 2014,306687,1767,Thu Oct 09 23:05:36 +0000 2008,True
544350712365207552,sydneysiege,#BREAKING Reports two customers and an employee have escaped the #SydneySiege http://t.co/fSLeobzxHh,60,145,Mon Dec 15 04:38:18 +0000 2014,72203,8674,Thu Oct 04 02:41:59 +0000 2007,True
544319274072817664,sydneysiege,"Ray Hadley says he spoke with hostage, and could hear the gunman in the background barking orders and demanding to go live on air",58,140,Mon Dec 15 02:33:22 +0000 2014,15056,389,Sun Mar 22 04:01:04 +0000 2009,True
544513524438155264,sydneysiege,"Sydney siege: police enter cafe as hostages flee the scene, gunfire heard, reports of an injured person – live http://t.co/c4xbud6a3m",1,106,Mon Dec 15 15:25:15 +0000 2014,1522763,1319,Thu Feb 22 12:32:47 +0000 2007,True
544271069146656768,sydneysiege,We understand there are two gunmen and up to a dozen hostages inside the cafe under siege at Sydney.. ISIS flags remain on display #7News,20,364,Sun Dec 14 23:21:49 +0000 2014,1672,731,Mon Feb 28 03:38:30 +0000 2011,True
544514570367168512,sydneysiege,"#SydneySiege: Latest video of hostages escaping.
https://t.co/eFfgSbt2hO",111,293,Mon Dec 15 15:29:24 +0000 2014,4636479,382,Sat Mar 17 19:01:26 +0000 2007,True
544520042810200064,sydneysiege,"#sydneysiege is over. 2 confirmed dead, #PrayForSydney #PrayForSydneyHostages #Sydney #hostages",22,101,Mon Dec 15 15:51:09 +0000 2014,74034,389,Wed Dec 21 09:56:49 +0000 2011,False
544291804057960448,sydneysiege,FIRST PHOTOS: Hostage pressed against a window. #SydneySiege http://t.co/MOy8zCHp5a,67,200,Mon Dec 15 00:44:13 +0000 2014,101550,308,Mon Nov 28 19:48:32 +0000 2011,False
544292670336925696,sydneysiege,UPDATE: 13 hostages inside Sydney coffee shop near Sydney Opera House Abbott will deliver a statement shortly. #ISISAttacks #sydneyseige,43,138,Mon Dec 15 00:47:39 +0000 2014,101549,308,Mon Nov 28 19:48:32 +0000 2011,False
544512676643500033,sydneysiege,BREAKING  @SkyBusiness: freed hostage borne high from #sydneysiege w/c.4 paramedic teams on the scene http://t.co/DKBQI5tx4B ( carsonscottLI,34,159,Mon Dec 15 15:21:53 +0000 2014,150323,84767,Sat Oct 18 02:39:23 +0000 2008,True
544288681021145090,sydneysiege,Up to 20 held hostage in Sydney Lindt Cafe siege http://t.co/4KisV2PKI5 http://t.co/qIaa63SCQk,24,168,Mon Dec 15 00:31:48 +0000 2014,937955,1766,Sun Oct 26 00:00:29 +0000 2008,True
544350567183556608,sydneysiege,We can see people coming out a firedoor near the Lindt cafe to waiting police. 2-3 people. Hard to see. #sydneysiege,49,124,Mon Dec 15 04:37:43 +0000 2014,16012,1437,Thu Mar 19 01:49:38 +0000 2009,True
544314234541469696,sydneysiege,Uber intros surge pricing in downtown Sydney during hostage siege http://t.co/XWGe9MpUzU http://t.co/cwhIiozFNr,76,296,Mon Dec 15 02:13:21 +0000 2014,4814814,2778,Mon Mar 12 01:28:01 +0000 2007,True
544514564407427072,sydneysiege,"Police seem relaxed, suggesting all hostages are out and gunman no longer a threat http://t.co/xheuclMCmj #sydneysiege",39,120,Mon Dec 15 15:29:23 +0000 2014,1961,136,Mon Oct 14 15:02:11 +0000 2013,True
544381485591982083,sydneysiege,Reports on @channeltennews #sydneysiege gunman wants #ISIL flag delivered to cafe and he also wants to speak to PM or people will be killed.,20,120,Mon Dec 15 06:40:34 +0000 2014,5520,889,Sat Jun 02 09:22:13 +0000 2012,True
544278985249550337,sydneysiege,Geoblock lifted on #ABCNews24. Streaming coverage of the Martin Place siege in Sydney here  http://t.co/HvQuvP4SIb.,55,305,Sun Dec 14 23:53:16 +0000 2014,63559,1894,Fri Feb 27 09:18:48 +0000 2009,True
544391533240516608,sydneysiege,Five hostages have escaped the besieged Lindt Cafe in #Sydney | Our latest update: http://t.co/XJVICQdu0y http://t.co/aNGBZsCmdQ,52,140,Mon Dec 15 07:20:30 +0000 2014,2197338,137,Tue Apr 17 08:23:08 +0000 2007,True
544287209730236416,sydneysiege,"Sydney Opera House evacuated, concourse deserted http://t.co/NMbuLCimKV #SydneySiege (via @cberkman) http://t.co/QYlOU0REVw",32,149,Mon Dec 15 00:25:57 +0000 2014,15396,753,Wed Sep 11 23:24:53 +0000 2013,True
544310853613281281,sydneysiege,The Sydney cafe siege may be part of a larger plot. @Y7News #MartinPlaceSiege http://t.co/f2aTNEpjmh http://t.co/DE4IBxv73K,55,138,Mon Dec 15 01:59:54 +0000 2014,42339,397,Thu Jun 17 01:05:23 +0000 2010,True
